,Date,Open,High,Low,Close,Volume
0,2020-01-01,159.0,164.2,158.75,162.92,675200.0
1,2020-01-02,165.0,168.99,164.1,168.1,3173800.0
2,2020-01-03,169.5,176.5,160.65,163.3,7295200.0
3,2020-01-06,160.55,163.49,159.98,161.23,1191100.0
4,2020-01-07,158.55,167.95,158.55,166.93,1429600.0
5,2020-01-08,163.5,168.25,159.5,160.55,3016100.0
6,2020-01-09,164.0,168.4,164.0,168.07,2783200.0
7,2020-01-10,169.0,170.0,167.25,169.11,2040200.0
8,2020-01-13,169.0,172.0,168.0,170.98,2117500.0
9,2020-01-14,170.47,173.25,169.8,171.24,848900.0
10,2020-01-15,171.24,171.88,169.1,170.8,1300700.0
11,2020-01-16,169.26,171.2,168.2,170.32,617600.0
12,2020-01-17,170.0,172.5,169.7,170.83,670100.0
13,2020-01-20,171.0,171.0,166.0,168.55,1059600.0
14,2020-01-21,169.82,170.9,166.0,168.01,458400.0
15,2020-01-22,167.13,170.0,167.13,168.45,530100.0
16,2020-01-23,168.99,170.8,168.0,169.93,436100.0
17,2020-01-24,169.5,171.0,168.5,169.02,691900.0
18,2020-01-27,168.55,170.49,167.6,169.95,357700.0
19,2020-01-28,169.0,170.0,166.49,167.87,487500.0
20,2020-01-29,168.7,168.7,163.5,164.03,549000.0
21,2020-01-30,164.98,165.97,161.0,164.83,706400.0
22,2020-01-31,164.89,165.45,162.15,163.12,352000.0
23,2020-02-03,163.12,163.12,155.0,157.08,1992700.0
24,2020-02-04,157.2,159.4,155.01,156.6,2196900.0
25,2020-02-06,157.99,160.5,157.98,159.28,1292300.0
26,2020-02-07,160.99,160.99,156.0,156.61,1255900.0
27,2020-02-10,156.61,158.0,154.11,155.94,598200.0
28,2020-02-11,158.0,158.0,152.2,154.6,792100.0
29,2020-02-12,155.85,158.9,154.01,156.73,667200.0
30,2020-02-13,156.9,160.0,154.5,159.35,530300.0
31,2020-02-14,159.9,163.0,159.15,162.26,1241700.0
32,2020-02-17,160.6,171.5,157.51,169.0,4521300.0
33,2020-02-18,169.0,175.5,169.0,171.78,5376100.0
34,2020-02-19,171.9,174.5,169.11,170.59,1681200.0
35,2020-02-20,168.02,169.0,165.0,167.78,1321800.0
36,2020-02-21,168.0,169.99,166.0,166.29,577200.0
37,2020-02-24,168.9,168.9,160.12,161.45,1465100.0
38,2020-02-25,159.9,162.0,158.1,158.81,1237100.0
39,2020-02-26,159.0,161.0,154.5,157.79,718900.0
40,2020-02-27,156.01,162.24,151.0,159.63,956400.0
41,2020-02-28,157.77,159.9,155.0,156.79,964300.0
42,2020-03-02,159.0,161.0,157.1,159.97,1376300.0
43,2020-03-03,160.77,162.95,159.01,160.11,1025300.0
44,2020-03-04,160.0,160.35,157.2,159.68,301200.0
45,2020-03-05,160.7,162.75,153.11,154.56,1503700.0
46,2020-03-06,154.0,154.5,148.49,149.41,1001000.0
47,2020-03-09,138.96,139.95,138.96,138.96,1098800.0
48,2020-03-10,138.96,147.0,138.0,145.21,2319100.0
49,2020-03-11,146.01,151.5,146.0,147.83,2048900.0
50,2020-03-12,145.02,145.02,137.49,137.75,1954500.0
51,2020-03-13,134.8,142.0,128.11,139.32,1962000.0
52,2020-03-16,133.07,136.0,128.88,128.88,1145000.0
53,2020-03-17,123.0,128.0,119.22,119.22,1768000.0
54,2020-03-18,116.0,119.0,110.28,110.28,1349800.0
55,2020-03-19,100.86,113.0,100.86,108.48,3119100.0
56,2020-03-20,116.0,116.15,106.0,115.1,2936000.0
57,2020-03-24,106.47,106.47,106.47,106.47,250196.0
58,2020-03-25,98.49,100.0,98.49,98.51,1741689.0
59,2020-03-26,93.0,103.5,93.0,101.92,1249833.0
60,2020-03-27,101.92,102.75,95.5,100.06,1735110.0
61,2020-03-30,100.06,100.99,95.6,99.67,854399.0
62,2020-03-31,100.9,106.5,97.55,103.23,1822626.0
63,2020-04-01,103.0,104.5,100.0,102.71,1281566.0
64,2020-04-02,102.0,107.9,101.02,106.92,4071169.0
65,2020-04-03,108.0,111.5,106.5,108.9,2307559.0
66,2020-04-06,108.0,108.5,103.0,103.95,1491602.0
67,2020-04-07,104.7,108.9,104.7,108.03,1644171.0
68,2020-04-08,106.56,108.0,100.51,106.67,998238.0
69,2020-04-09,108.0,109.97,107.61,108.46,3047815.0
70,2020-04-10,108.4,109.5,106.0,109.05,565234.0
71,2020-04-13,107.7,107.77,104.7,106.02,741935.0
72,2020-04-14,107.0,109.0,106.0,106.6,627123.0
73,2020-04-15,107.25,108.5,105.4,106.31,1492630.0
74,2020-04-16,106.6,107.35,104.0,104.91,502499.0
75,2020-04-17,104.1,110.0,103.5,105.45,3071493.0
76,2020-04-20,107.0,108.5,104.51,107.51,3160104.0
77,2020-04-21,107.0,109.2,104.0,104.61,2587870.0
78,2020-04-22,104.0,105.89,101.0,101.88,6189665.0
79,2020-04-23,101.5,103.0,98.99,101.92,3906451.0
80,2020-04-24,101.93,103.5,101.25,102.19,844227.0
81,2020-04-27,102.84,102.84,100.0,101.89,565715.0
82,2020-04-28,101.89,102.5,100.52,101.04,523263.0
83,2020-04-29,101.98,102.0,100.0,100.32,670450.0
84,2020-04-30,101.0,102.1,100.0,100.67,1524935.0
85,2020-05-04,100.8,100.8,99.01,99.4,700132.0
86,2020-05-05,99.6,100.5,97.0,97.38,1847628.0
87,2020-05-06,98.0,98.0,94.0,94.78,3025074.0
88,2020-05-07,95.0,98.5,94.0,96.2,5017246.0
89,2020-05-08,97.0,97.5,94.25,95.58,2737838.0
90,2020-05-11,96.5,96.5,94.41,95.23,1068653.0
91,2020-05-12,95.5,97.69,94.1,97.01,2768151.0
92,2020-05-13,98.26,100.89,98.26,99.1,3947277.0
93,2020-05-14,99.86,99.86,97.31,97.75,883990.0
94,2020-05-15,97.01,99.0,97.0,98.01,855391.0
95,2020-05-18,98.01,98.01,96.11,97.31,845984.0
96,2020-05-19,96.51,99.74,96.5,98.66,1438689.0
97,2020-05-20,98.65,98.65,97.21,97.51,527046.0
98,2020-05-21,98.37,98.37,97.0,97.3,610771.0
99,2020-05-28,97.01,97.5,95.01,95.76,1094228.0
100,2020-05-29,96.99,98.0,95.25,96.32,2144182.0
101,2020-06-01,96.61,98.88,96.01,97.99,1715357.0
102,2020-06-02,98.0,103.25,97.61,101.81,5783412.0
103,2020-06-03,102.5,103.7,100.15,100.69,3335089.0
104,2020-06-04,100.69,101.0,99.35,100.0,1805623.0
105,2020-06-05,100.0,100.94,99.55,100.36,483742.0
106,2020-06-08,100.36,102.7,99.21,101.48,2246527.0
107,2020-06-09,102.0,103.0,100.61,102.12,5320915.0
108,2020-06-10,101.99,105.68,100.85,104.99,3483159.0
109,2020-06-11,105.0,105.52,103.25,103.53,2211304.0
110,2020-06-12,102.5,102.5,100.11,100.65,1705182.0
111,2020-06-15,101.0,101.0,98.25,98.85,1078744.0
112,2020-06-16,98.26,100.5,98.26,99.45,418642.0
113,2020-06-17,100.5,101.75,97.5,98.56,3118675.0
114,2020-06-18,99.71,99.95,98.75,99.42,504700.0
115,2020-06-19,100.0,100.0,97.5,98.75,421512.0
116,2020-06-22,99.0,99.25,97.0,98.78,825369.0
117,2020-06-23,99.0,100.0,98.25,98.92,700348.0
118,2020-06-24,98.98,99.5,97.75,97.94,524210.0
119,2020-06-25,98.25,98.25,96.5,97.13,653603.0
120,2020-06-26,97.0,97.49,95.5,96.03,771462.0
121,2020-06-29,96.0,96.59,95.26,95.86,1154798.0
122,2020-06-30,96.1,98.0,95.74,96.87,4182603.0
123,2020-07-01,96.8,96.9,95.8,96.22,876566.0
124,2020-07-02,96.88,98.1,96.02,97.02,2515270.0
125,2020-07-03,97.25,98.4,97.02,97.84,531752.0
126,2020-07-06,98.5,99.0,97.25,98.24,530812.0
127,2020-07-07,98.5,99.8,98.1,98.74,2039298.0
128,2020-07-08,98.6,103.9,98.6,103.35,6312584.0
129,2020-07-09,104.97,107.0,104.6,106.77,2415828.0
130,2020-07-10,106.65,107.78,105.02,106.49,1030766.0
131,2020-07-13,108.0,109.5,106.46,106.75,3169809.0
132,2020-07-14,107.6,108.5,106.5,107.19,1079894.0
133,2020-07-15,107.87,107.88,106.1,107.15,588978.0
134,2020-07-16,109.0,109.41,107.15,109.12,1303823.0
135,2020-07-17,109.79,110.3,108.0,108.29,931591.0
136,2020-07-20,109.0,110.9,108.01,108.74,1795399.0
137,2020-07-21,109.0,110.98,108.81,110.2,3830079.0
138,2020-07-22,110.51,112.0,108.5,111.04,2710415.0
139,2020-07-23,112.0,114.01,110.5,111.1,2556680.0
140,2020-07-24,110.7,119.43,108.6,116.07,8339975.0
141,2020-07-27,118.0,122.8,116.5,122.01,3882172.0
142,2020-07-28,122.8,125.35,122.05,123.32,2138733.0
143,2020-07-29,124.68,124.7,120.26,121.19,1447005.0
144,2020-07-30,121.95,123.0,120.61,122.53,715589.0
145,2020-08-03,122.53,129.48,121.0,127.53,2711884.0
146,2020-08-04,127.9,133.5,127.05,128.02,3657284.0
147,2020-08-05,128.7,130.99,128.1,128.7,1199645.0
148,2020-08-06,130.95,132.0,127.52,129.34,1725971.0
149,2020-08-07,129.98,129.98,126.5,127.32,1576523.0
150,2020-08-10,128.99,129.0,125.02,127.21,585662.0
151,2020-08-11,126.0,130.5,126.0,129.0,1530654.0
152,2020-08-12,130.11,130.98,128.5,129.2,847548.0
153,2020-08-13,129.75,129.75,127.5,127.78,336029.0
154,2020-08-17,128.0,128.0,123.01,124.02,925821.0
155,2020-08-18,124.99,125.48,122.0,122.49,1086619.0
156,2020-08-19,122.99,123.9,122.0,122.36,371392.0
157,2020-08-20,122.5,124.1,121.9,123.52,882970.0
158,2020-08-21,123.89,125.2,122.12,124.27,445630.0
159,2020-08-24,124.0,126.15,123.5,125.1,438253.0
160,2020-08-25,126.25,127.99,124.55,127.17,1204601.0
161,2020-08-26,128.45,135.6,127.25,134.65,2815112.0
162,2020-08-27,135.49,138.2,134.6,135.69,1657292.0
163,2020-08-28,136.0,136.7,134.5,135.22,184341.0
164,2020-08-31,135.55,137.5,133.25,134.46,1906037.0
165,2020-09-01,135.0,135.0,131.0,132.69,1785320.0
166,2020-09-02,133.6,136.0,132.51,133.41,939520.0
167,2020-09-03,134.31,136.88,133.03,133.72,1041058.0
168,2020-09-04,133.78,134.44,132.11,133.32,702762.0
169,2020-09-07,133.05,134.4,131.75,132.51,1684821.0
170,2020-09-08,132.49,133.49,130.2,130.83,1330444.0
171,2020-09-09,130.75,134.6,129.52,133.05,1045912.0
172,2020-09-10,133.9,137.15,133.5,135.0,1344579.0
173,2020-09-11,135.51,138.5,134.5,135.7,3078582.0
174,2020-09-14,136.0,137.02,135.26,136.7,436151.0
175,2020-09-15,136.0,137.5,135.1,135.49,390990.0
176,2020-09-16,135.13,135.85,133.15,133.78,547283.0
177,2020-09-17,134.89,134.9,133.1,133.76,608454.0
178,2020-09-18,134.0,135.0,132.5,134.22,1110632.0
179,2020-09-21,134.49,134.49,132.51,132.97,231696.0
180,2020-09-22,131.99,132.4,130.8,131.32,508364.0
181,2020-09-23,130.5,133.31,130.5,131.67,287716.0
182,2020-09-24,132.99,132.99,130.6,131.98,641821.0
183,2020-09-25,132.0,134.4,130.71,133.81,546930.0
184,2020-09-28,133.44,134.0,127.32,129.05,807471.0
185,2020-09-29,127.84,131.72,125.25,130.25,445919.0
186,2020-09-30,131.9,132.1,129.02,130.74,818892.0
187,2020-10-01,130.0,134.34,130.0,132.57,682516.0
188,2020-10-02,133.0,134.5,130.5,131.04,479944.0
189,2020-10-05,131.88,131.88,128.0,129.61,514826.0
190,2020-10-06,130.0,130.9,126.6,129.01,387174.0
191,2020-10-07,131.74,132.0,128.5,130.45,523146.0
192,2020-10-08,130.9,132.9,129.1,132.17,375319.0
193,2020-10-09,132.85,136.85,131.3,136.0,849739.0
194,2020-10-12,136.65,138.3,133.0,133.7,1084637.0
195,2020-10-13,134.44,135.69,132.75,134.73,622391.0
196,2020-10-14,135.0,135.0,133.25,134.66,201250.0
197,2020-10-15,134.35,135.8,132.16,132.62,526499.0
198,2020-10-16,133.88,139.5,130.11,138.61,3578881.0
199,2020-10-19,138.5,139.99,135.42,137.81,899791.0
200,2020-10-20,137.11,140.35,137.11,139.64,2405767.0
201,2020-10-21,139.07,140.15,138.52,139.63,652743.0
202,2020-10-22,140.5,141.5,138.15,139.12,1313611.0
203,2020-10-23,139.45,140.34,138.6,138.99,520121.0
204,2020-10-26,139.5,139.8,137.5,138.78,431583.0
205,2020-10-27,138.8,138.98,132.2,135.15,962602.0
206,2020-10-28,135.25,136.8,133.06,133.5,781060.0
207,2020-10-29,132.1,133.5,126.75,130.11,2206631.0
208,2020-11-02,129.99,130.0,125.25,125.97,978768.0
209,2020-11-03,126.9,132.0,126.9,130.99,2271383.0
210,2020-11-04,131.9,131.9,128.5,128.73,719907.0
211,2020-11-05,129.89,131.4,129.16,130.8,1009389.0
212,2020-11-06,131.44,131.88,127.05,127.83,522560.0
213,2020-11-09,128.1,130.94,128.02,130.21,2644077.0
214,2020-11-10,134.87,134.87,129.1,130.61,3450426.0
215,2020-11-11,131.89,133.95,130.01,132.75,2626483.0
216,2020-11-12,132.51,133.48,129.7,130.18,3333605.0
217,2020-11-13,130.51,132.0,130.05,131.13,674964.0
218,2020-11-16,131.45,132.45,130.05,130.57,1828356.0
219,2020-11-17,131.9,132.5,131.0,131.04,1798549.0
220,2020-11-18,130.9,131.4,129.0,129.83,2981244.0
221,2020-11-19,130.74,131.74,130.0,131.42,1612282.0
222,2020-11-20,131.0,131.83,129.75,130.34,1778387.0
223,2020-11-23,130.88,130.88,126.76,128.57,2378928.0
224,2020-11-24,129.0,130.01,128.48,128.73,1340129.0
225,2020-11-25,130.0,130.0,128.35,129.63,1912828.0
226,2020-11-26,130.8,131.05,128.75,129.81,2900517.0
227,2020-11-27,130.0,130.8,129.12,129.91,695936.0
228,2020-11-30,130.44,130.75,129.25,130.12,2735504.0
229,2020-12-01,130.5,131.5,129.6,130.61,2575827.0
230,2020-12-02,131.39,131.47,129.9,130.39,3635603.0
231,2020-12-03,130.01,130.98,129.75,129.91,1475106.0
232,2020-12-04,130.0,130.49,129.6,129.91,5045137.0
233,2020-12-07,130.01,131.2,129.0,130.33,3312481.0
234,2020-12-08,130.49,130.99,130.3,130.7,2961196.0
235,2020-12-09,130.99,132.07,130.59,131.31,4784767.0
236,2020-12-10,131.01,138.22,131.01,132.32,10067093.0
237,2020-12-11,132.8,133.49,131.9,132.82,13323030.0
238,2020-12-14,133.0,133.79,132.61,133.28,3131914.0
239,2020-12-15,133.99,134.5,132.62,132.85,2998889.0
240,2020-12-16,132.85,133.8,132.06,133.21,6838035.0
241,2020-12-17,133.6,137.7,133.0,135.93,15773135.0
242,2020-12-18,136.0,137.9,135.0,136.53,10056351.0
243,2020-12-21,136.5,136.5,134.02,134.58,4756264.0
244,2020-12-22,134.5,135.99,133.0,133.12,4881094.0
245,2020-12-23,133.25,135.45,132.75,134.31,4301596.0
246,2020-12-24,135.45,135.5,133.01,134.39,3460629.0
247,2020-12-28,135.68,136.0,133.9,134.75,2568625.0
248,2020-12-29,135.06,135.49,130.85,131.69,3076521.0
249,2020-12-30,131.69,134.5,131.69,132.54,3765696.0
250,2020-12-31,132.5,133.0,132.0,132.28,726478.0
251,2021-01-01,133.8,135.99,132.65,133.14,5691473.0
252,2021-01-04,134.1,135.0,132.3,133.77,3395212.0
253,2021-01-05,134.0,136.7,133.1,134.98,6373631.0
254,2021-01-06,135.0,137.99,134.76,136.28,4656620.0
255,2021-01-07,136.84,140.0,136.8,138.88,11093886.0
256,2021-01-08,139.9,142.48,139.6,140.12,12254568.0
257,2021-01-11,141.5,141.9,138.9,139.97,3562029.0
258,2021-01-12,140.98,143.2,140.0,142.02,3965401.0
259,2021-01-13,142.9,144.8,142.02,143.2,3403879.0
260,2021-01-14,143.98,144.5,141.5,142.69,1583524.0
261,2021-01-15,143.44,143.44,141.15,141.5,919892.0
262,2021-01-18,141.15,142.25,140.1,140.98,1681485.0
263,2021-01-19,140.1,141.16,138.5,139.45,1994573.0
264,2021-01-20,139.0,141.95,138.25,141.54,4047339.0
265,2021-01-21,141.54,143.5,140.5,142.81,1571769.0
266,2021-01-22,142.55,143.49,141.81,142.98,2087135.0
267,2021-01-25,143.0,143.49,141.01,141.53,1214394.0
268,2021-01-26,141.9,142.2,140.88,141.05,1021215.0
269,2021-01-27,141.77,142.0,140.28,141.05,1087696.0
270,2021-01-28,141.05,144.75,140.9,142.07,2867301.0
271,2021-01-29,142.97,142.97,140.55,142.18,2026733.0
272,2021-02-01,142.47,142.69,140.9,141.25,1750088.0
273,2021-02-02,141.5,141.5,139.7,140.0,1180813.0
274,2021-02-03,140.58,141.01,139.5,140.09,2337796.0
275,2021-02-04,140.01,141.5,139.0,139.41,914415.0
276,2021-02-08,139.95,140.0,137.7,138.12,1416273.0
277,2021-02-09,138.7,139.0,135.99,136.58,1342598.0
278,2021-02-10,136.58,138.6,135.5,137.0,1918073.0
279,2021-02-11,137.1,139.0,134.0,134.74,3598119.0
280,2021-02-12,134.8,135.75,132.51,133.49,1325373.0
281,2021-02-15,134.5,136.25,133.49,134.89,1051682.0
282,2021-02-16,136.0,138.5,134.55,137.96,1746791.0
283,2021-02-17,139.01,140.24,129.05,130.26,6616307.0
284,2021-02-18,130.99,131.0,123.16,124.89,3057167.0
285,2021-02-19,125.49,126.97,123.0,123.8,1730848.0
286,2021-02-22,124.49,124.49,118.1,119.45,3485611.0
287,2021-02-23,120.0,120.97,116.4,116.9,2719702.0
288,2021-02-24,117.49,119.99,116.9,118.67,3034974.0
289,2021-02-25,119.8,122.0,119.8,121.63,4398324.0
290,2021-02-26,121.97,127.22,121.0,123.66,4882868.0
291,2021-03-01,123.0,124.8,120.85,121.75,1493603.0
292,2021-03-02,121.05,124.5,121.05,123.5,2285676.0
293,2021-03-03,123.25,123.26,121.01,121.42,1491313.0
294,2021-03-04,118.91,121.98,118.03,119.33,1739316.0
295,2021-03-05,120.05,122.0,118.5,121.49,1854911.0
296,2021-03-08,122.89,122.89,117.95,119.19,783257.0
297,2021-03-09,118.98,121.45,117.0,119.66,1586132.0
298,2021-03-10,120.0,120.0,117.4,117.84,673668.0
299,2021-03-11,118.98,118.98,114.01,115.49,1188520.0
300,2021-03-12,116.51,119.0,115.02,118.19,924779.0
301,2021-03-15,119.5,120.89,118.45,119.76,877093.0
302,2021-03-16,120.0,122.0,119.19,121.4,1034798.0
303,2021-03-17,123.15,125.0,122.5,124.03,1245841.0
304,2021-03-18,121.4,122.8,119.0,119.73,1360154.0
305,2021-03-19,120.89,125.0,118.01,123.35,2654698.0
306,2021-03-22,123.34,124.8,122.33,123.69,264991.0
307,2021-03-24,124.75,124.75,121.55,123.78,872323.0
308,2021-03-25,124.0,125.0,123.0,123.43,502918.0
309,2021-03-26,124.0,124.0,119.1,120.31,892420.0
310,2021-03-29,120.0,120.0,117.0,118.03,655363.0
311,2021-03-30,118.94,119.5,117.06,117.95,589234.0
312,2021-03-31,118.8,120.4,115.0,116.18,1835403.0
313,2021-04-01,116.78,119.0,116.0,116.81,1208979.0
314,2021-04-02,117.4,118.0,116.05,117.41,157824.0
315,2021-04-05,117.89,117.89,114.5,114.95,272428.0
316,2021-04-06,114.85,117.57,114.55,116.83,242127.0
317,2021-04-07,116.5,117.38,113.0,113.6,1813618.0
318,2021-04-08,114.87,117.4,112.11,115.66,998575.0
319,2021-04-09,118.0,118.95,114.01,117.37,558914.0
320,2021-04-12,118.7,118.7,116.0,116.65,179011.0
321,2021-04-13,117.3,118.04,115.77,117.7,977655.0
322,2021-04-14,117.94,119.3,117.94,118.8,1361999.0
323,2021-04-15,119.01,119.01,117.4,117.99,436813.0
324,2021-04-16,118.68,119.25,118.0,118.53,896941.0
325,2021-04-19,117.05,120.0,116.9,117.44,238583.0
326,2021-04-20,119.0,120.99,117.52,119.54,895996.0
327,2021-04-21,120.0,121.4,119.01,120.1,1072058.0
328,2021-04-22,120.05,127.49,120.05,122.77,1499670.0
329,2021-04-23,123.7,123.7,121.9,122.05,864770.0
330,2021-04-26,122.5,129.2,121.02,125.32,3305701.0
331,2021-04-27,125.7,127.95,125.03,126.03,1696191.0
332,2021-04-28,124.6,126.3,123.25,123.77,1338651.0
333,2021-04-29,123.8,126.99,121.0,124.05,2402046.0
334,2021-04-30,124.55,126.5,122.11,124.85,1872049.0
335,2021-05-03,126.0,127.85,123.55,125.84,3083550.0
336,2021-05-04,127.97,129.0,125.0,127.74,1612059.0
337,2021-05-05,128.0,128.0,125.99,126.49,440870.0
338,2021-05-06,127.47,127.8,125.7,127.07,2620856.0
339,2021-05-17,125.8,128.25,125.01,126.6,1281995.0
340,2021-05-18,126.95,127.44,125.01,126.22,963005.0
341,2021-05-19,126.0,126.0,124.4,124.89,855326.0
342,2021-05-20,124.5,125.75,121.2,122.04,790533.0
343,2021-05-21,122.95,125.3,122.05,123.89,1473126.0
344,2021-05-24,124.5,126.0,124.0,124.93,881822.0
345,2021-05-25,125.47,129.5,124.0,128.91,3880680.0
346,2021-05-26,128.99,131.0,128.01,130.43,2983057.0
347,2021-05-27,132.0,134.25,130.0,131.79,3910072.0
348,2021-05-28,131.01,135.19,131.01,134.07,4761834.0
349,2021-05-31,134.95,137.45,134.95,135.92,2293654.0
350,2021-06-01,135.96,137.75,135.5,136.76,1557538.0
351,2021-06-02,137.0,137.0,134.05,134.71,1366996.0
352,2021-06-03,135.83,136.0,132.57,134.05,1156765.0
353,2021-06-04,134.02,135.93,132.8,133.68,486834.0
354,2021-06-07,134.0,135.5,132.17,133.17,568821.0
355,2021-06-08,133.95,134.5,133.07,133.97,357452.0
356,2021-06-09,134.44,134.44,132.01,132.63,409842.0
357,2021-06-10,133.45,135.75,132.06,134.51,1506851.0
358,2021-06-11,135.05,136.5,134.25,135.1,1223602.0
359,2021-06-14,136.5,136.5,134.51,135.07,820637.0
360,2021-06-15,135.85,135.85,134.0,134.77,479868.0
361,2021-06-16,135.57,135.7,134.6,135.2,1257607.0
362,2021-06-17,135.5,135.69,133.5,133.67,169731.0
363,2021-06-18,133.05,133.77,129.0,130.03,2267721.0
364,2021-06-21,130.95,131.94,128.9,130.38,451442.0
365,2021-06-22,130.5,132.0,129.01,130.58,299893.0
366,2021-06-23,130.6,131.0,128.65,129.85,435491.0
367,2021-06-24,130.0,131.7,129.05,130.39,637245.0
368,2021-06-25,130.95,130.95,126.26,127.48,1753036.0
369,2021-06-28,127.25,128.0,123.0,123.46,1300352.0
370,2021-06-29,124.23,126.9,123.46,125.21,1156820.0
371,2021-06-30,124.94,124.95,122.05,122.37,4257352.0
372,2021-07-01,122.9,124.75,122.56,123.46,1048077.0
373,2021-07-02,123.86,124.88,123.0,123.57,822320.0
374,2021-07-05,123.15,124.45,122.5,122.61,413241.0
375,2021-07-06,123.9,125.9,122.51,125.5,2523758.0
376,2021-07-07,125.95,127.8,125.7,126.95,1409206.0
377,2021-07-08,127.24,128.55,127.15,128.28,1223609.0
378,2021-07-09,128.95,130.4,126.75,128.68,1872284.0
379,2021-07-12,129.44,129.95,127.31,129.03,483083.0
380,2021-07-13,129.5,129.5,127.5,128.97,777781.0
381,2021-07-14,129.3,129.49,127.62,128.93,641310.0
382,2021-07-15,129.45,129.59,128.0,128.41,470488.0
383,2021-07-16,129.01,130.5,128.0,129.97,1065671.0
384,2021-07-19,130.0,130.0,128.5,129.35,123932.0
385,2021-07-23,129.35,130.1,128.07,129.31,228896.0
386,2021-07-26,129.98,130.45,128.1,128.76,607740.0
387,2021-07-27,127.8,131.95,127.8,131.31,2267549.0
388,2021-07-28,131.9,131.9,129.55,130.8,802489.0
389,2021-07-29,131.0,131.0,128.5,128.93,531104.0
390,2021-07-30,129.0,129.47,126.0,126.67,2104560.0
391,2021-08-02,126.0,128.0,125.91,127.1,1102000.0
392,2021-08-03,127.7,128.88,127.11,128.5,850269.0
393,2021-08-04,128.98,129.99,128.01,129.58,1147034.0
394,2021-08-05,129.5,130.0,128.5,129.42,2016262.0
395,2021-08-06,129.05,129.85,128.72,129.06,644190.0
396,2021-08-09,129.89,129.89,127.1,128.43,997110.0
397,2021-08-10,128.85,128.95,127.55,128.46,170810.0
398,2021-08-11,128.46,130.48,128.05,128.84,606895.0
399,2021-08-12,128.84,129.72,128.55,129.31,269949.0
400,2021-08-13,129.0,129.98,128.6,129.68,212232.0
401,2021-08-16,129.97,130.5,128.25,129.92,577568.0
402,2021-08-17,130.65,131.0,129.1,129.76,554445.0
403,2021-08-20,130.0,130.45,129.3,129.52,657240.0
404,2021-08-23,129.52,130.99,129.5,130.2,1436189.0
405,2021-08-24,130.2,130.95,129.3,129.48,665106.0
406,2021-08-25,129.17,129.88,129.0,129.47,514053.0
407,2021-08-26,129.5,129.5,128.06,128.55,546479.0
408,2021-08-27,128.6,128.6,125.76,126.93,700103.0
409,2021-08-30,126.93,126.93,122.2,124.72,1847573.0
410,2021-08-31,125.0,127.35,124.07,125.2,1716145.0
411,2021-09-01,126.5,126.5,124.0,124.18,755613.0
412,2021-09-02,125.5,125.5,121.0,121.88,3167207.0
413,2021-09-03,122.5,122.99,119.75,120.83,1262849.0
414,2021-09-06,121.0,121.88,119.55,119.98,7009352.0
415,2021-09-07,120.25,120.25,117.0,119.09,1114530.0
416,2021-09-08,119.9,119.9,118.0,118.96,1021258.0
417,2021-09-09,117.6,118.5,115.15,116.17,2225103.0
418,2021-09-10,116.95,116.99,115.02,115.76,1112772.0
419,2021-09-13,116.35,118.97,115.52,117.63,2176748.0
420,2021-09-14,117.63,120.61,117.63,119.71,1840030.0
421,2021-09-15,119.99,121.0,119.05,120.0,1279190.0
422,2021-09-16,120.0,122.0,119.6,120.12,4589452.0
423,2021-09-17,120.44,120.44,118.33,118.97,1132673.0
424,2021-09-20,119.0,119.0,117.11,118.84,201140.0
425,2021-09-21,118.95,121.0,116.11,116.87,801918.0
426,2021-09-22,117.5,117.9,114.01,115.45,1150303.0
427,2021-09-23,115.5,116.4,114.0,115.46,818807.0
428,2021-09-24,115.99,115.99,113.51,114.89,143084.0
429,2021-09-27,115.0,115.0,111.0,111.99,5459595.0
430,2021-09-28,112.0,113.7,111.52,112.54,7044937.0
431,2021-09-29,113.9,113.9,110.41,110.91,1347349.0
432,2021-09-30,111.0,111.94,108.05,109.35,6587594.0
433,2021-10-01,109.95,110.89,108.6,110.09,3308845.0
434,2021-10-04,110.09,110.35,109.09,110.01,1599420.0
435,2021-10-05,110.02,110.7,109.0,109.35,1589523.0
436,2021-10-06,109.99,109.99,107.6,107.76,3148840.0
437,2021-10-07,108.0,110.34,107.76,109.08,2483027.0
438,2021-10-08,109.5,111.0,108.5,110.26,5834015.0
439,2021-10-11,109.53,110.49,109.02,109.65,1206108.0
440,2021-10-12,109.73,114.89,108.98,114.02,6622254.0
441,2021-10-13,114.5,116.57,113.15,114.94,2676084.0
442,2021-10-14,115.0,119.5,114.1,119.15,2542510.0
443,2021-10-15,119.9,120.0,117.79,119.03,1357210.0
444,2021-10-18,119.74,122.8,117.05,121.79,1824940.0
445,2021-10-20,122.5,125.5,121.0,124.31,2318448.0
446,2021-10-21,124.0,131.9,122.22,127.74,6216289.0
447,2021-10-22,127.8,131.0,126.0,129.7,1951983.0
448,2021-10-25,128.01,129.0,126.55,127.8,544116.0
449,2021-10-26,129.7,129.7,125.0,125.72,722456.0
450,2021-10-27,125.4,126.51,122.9,123.87,1529652.0
451,2021-10-28,124.0,124.9,122.48,124.44,755674.0
452,2021-10-29,125.5,129.0,123.05,126.16,1933104.0
453,2021-11-01,126.95,128.99,126.01,126.96,465436.0
454,2021-11-02,127.0,128.9,126.0,127.98,2460565.0
455,2021-11-03,128.95,128.95,125.0,125.26,717179.0
456,2021-11-04,125.79,126.1,123.51,124.31,1660552.0
457,2021-11-05,125.89,126.4,124.05,125.55,1356774.0
458,2021-11-08,125.6,127.01,125.2,126.65,705569.0
459,2021-11-09,127.4,127.4,125.25,125.32,854225.0
460,2021-11-10,126.0,126.88,124.1,124.57,453390.0
461,2021-11-11,124.97,124.97,124.0,124.11,2398042.0
462,2021-11-12,124.1,125.47,123.0,123.41,415477.0
463,2021-11-15,122.15,125.94,122.15,124.91,495611.0
464,2021-11-16,125.45,126.49,123.05,125.95,878994.0
465,2021-11-17,126.5,127.75,123.66,124.66,4162783.0
466,2021-11-18,125.0,125.94,122.31,123.78,1242516.0
467,2021-11-19,123.6,126.9,123.6,125.86,3135415.0
468,2021-11-22,128.0,129.1,123.52,124.68,4487112.0
469,2021-11-23,124.5,124.5,122.4,123.27,1852315.0
470,2021-11-24,123.05,123.05,119.57,120.15,3810386.0
471,2021-11-25,120.87,120.87,116.0,117.53,4966495.0
472,2021-11-26,116.1,120.74,116.1,119.43,3450455.0
473,2021-11-29,118.1,126.9,118.1,125.16,5093343.0
474,2021-11-30,126.89,127.75,120.01,123.35,31480344.0
475,2021-12-01,125.0,125.5,122.11,124.67,2901710.0
476,2021-12-02,123.99,124.04,117.5,119.52,2946383.0
477,2021-12-03,118.9,124.23,117.15,123.2,3277436.0
478,2021-12-06,123.9,123.95,121.06,121.42,1012588.0
479,2021-12-07,122.9,124.0,121.5,122.56,2059729.0
480,2021-12-08,122.95,123.85,121.15,122.4,2355553.0
481,2021-12-09,122.95,122.95,118.91,120.56,1054086.0
482,2021-12-10,121.8,121.8,119.46,119.58,1030716.0
483,2021-12-13,120.43,120.5,118.65,119.29,803835.0
484,2021-12-14,119.49,120.75,118.0,119.39,2087508.0
485,2021-12-15,119.96,120.0,118.51,118.95,1795873.0
486,2021-12-16,119.25,119.75,115.0,115.65,2280425.0
487,2021-12-17,116.7,118.55,114.5,118.04,1652856.0
488,2021-12-20,118.95,120.1,117.1,118.54,1565638.0
489,2021-12-21,118.0,119.02,117.21,117.69,533753.0
490,2021-12-22,118.7,118.7,117.0,117.99,761750.0
491,2021-12-23,116.57,118.5,116.57,117.34,801572.0
492,2021-12-24,117.8,117.8,116.51,116.8,321524.0
493,2021-12-27,117.91,117.91,116.0,116.16,379513.0
494,2021-12-28,116.88,116.9,115.2,116.0,745571.0
495,2021-12-29,116.57,116.57,114.8,115.0,1639485.0
496,2021-12-30,115.0,115.9,114.3,114.85,2189778.0
497,2021-12-31,115.3,117.5,114.31,116.62,2886976.0
498,2022-01-03,117.0,117.9,116.5,117.03,405791.0
499,2022-01-04,117.1,119.0,117.1,118.03,916386.0
500,2022-01-05,118.7,118.94,117.0,117.61,184922.0
501,2022-01-06,117.99,118.7,116.5,116.7,1361906.0
502,2022-01-07,117.9,119.5,116.55,118.28,1340981.0
503,2022-01-10,119.0,121.23,118.03,120.37,2955003.0
504,2022-01-11,120.85,122.5,118.8,122.17,1852575.0
505,2022-01-12,122.75,122.85,121.49,121.59,496255.0
506,2022-01-13,122.0,122.2,121.0,121.5,143600.0
507,2022-01-14,121.5,124.0,121.5,123.13,1138299.0
508,2022-01-17,123.01,123.1,122.0,122.15,449851.0
509,2022-01-18,122.15,123.0,121.23,122.01,476441.0
510,2022-01-19,121.3,122.8,121.05,121.57,768005.0
511,2022-01-20,121.49,122.45,119.7,122.04,350340.0
512,2022-01-21,122.5,122.5,121.05,122.13,96511.0
513,2022-01-24,122.25,122.45,121.15,121.44,220830.0
514,2022-01-25,121.05,122.08,121.0,121.58,311993.0
515,2022-01-26,121.75,121.75,120.8,121.01,271685.0
516,2022-01-27,121.65,121.65,120.5,121.01,403396.0
517,2022-01-28,120.1,121.5,120.1,120.54,456985.0
518,2022-01-31,120.2,121.7,120.2,121.19,691880.0
519,2022-02-01,120.55,122.5,120.55,121.68,376741.0
520,2022-02-02,121.02,128.0,121.0,124.71,3470427.0
521,2022-02-03,126.0,126.0,123.45,123.55,750312.0
522,2022-02-04,123.1,124.9,123.1,123.89,2721987.0
523,2022-02-07,124.44,125.0,123.55,123.92,191597.0
524,2022-02-08,124.4,124.55,123.0,123.58,1701938.0
525,2022-02-09,124.15,124.99,123.16,124.22,1243444.0
526,2022-02-10,124.22,124.99,122.03,122.33,1544517.0
527,2022-02-11,122.8,123.95,121.56,123.23,1131428.0
528,2022-02-14,123.23,124.5,122.45,122.6,532437.0
529,2022-02-15,123.85,123.85,121.6,122.02,1420639.0
530,2022-02-16,122.98,122.98,121.11,121.4,363293.0
531,2022-02-17,121.27,122.44,120.5,121.89,117622.0
532,2022-02-18,122.0,122.9,121.0,121.93,318035.0
533,2022-02-21,122.4,122.6,121.5,121.74,83287.0
534,2022-02-22,122.2,122.2,118.0,121.29,1400159.0
535,2022-02-23,121.65,122.0,119.22,121.41,811166.0
536,2022-02-24,120.0,121.45,115.9,116.44,1874967.0
537,2022-02-25,116.01,117.5,116.01,116.32,1155499.0
538,2022-02-28,117.41,117.41,115.02,116.17,1270047.0
539,2022-03-01,117.98,118.1,116.0,116.3,748773.0
540,2022-03-02,116.94,116.94,114.81,115.46,674871.0
541,2022-03-03,117.0,117.0,114.8,115.16,147193.0
542,2022-03-04,115.0,117.0,115.0,116.27,849987.0
543,2022-03-07,115.1,115.9,112.26,113.0,453555.0
544,2022-03-08,116.0,116.0,111.15,112.33,609309.0
545,2022-03-09,111.0,114.97,111.0,112.29,1056162.0
546,2022-03-10,113.9,115.85,112.3,114.04,1116936.0
547,2022-03-11,114.0,114.86,113.07,114.13,325294.0
548,2022-03-14,114.0,114.5,113.06,113.93,487685.0
549,2022-03-15,114.11,115.5,114.03,115.02,268479.0
550,2022-03-16,115.0,115.9,113.5,113.9,280721.0
551,2022-03-17,114.49,114.85,114.0,114.2,767312.0
552,2022-03-18,113.95,114.45,110.0,110.64,1285603.0
553,2022-03-21,109.5,111.0,108.39,110.61,841768.0
554,2022-03-22,111.34,111.89,109.5,110.05,669559.0
555,2022-03-24,110.68,112.39,109.52,111.98,893817.0
556,2022-03-25,112.84,114.0,110.55,113.51,523841.0
557,2022-03-28,113.69,114.38,111.0,113.7,378809.0
558,2022-03-29,114.4,115.0,113.11,113.27,749914.0
559,2022-03-30,113.98,114.5,113.0,113.63,100466.0
560,2022-03-31,113.99,114.0,112.6,112.91,734793.0
561,2022-04-01,112.6,114.5,111.9,113.91,1802294.0
562,2022-04-04,112.01,113.0,108.99,109.36,720783.0
563,2022-04-05,109.51,110.7,109.02,109.56,477499.0
564,2022-04-06,109.56,110.87,109.5,109.8,848481.0
565,2022-04-07,109.82,110.74,108.9,109.03,369037.0
566,2022-04-08,110.99,112.3,110.56,111.54,990236.0
567,2022-04-11,113.8,118.0,112.1,115.72,2207391.0
568,2022-04-12,116.0,119.0,115.72,116.36,703976.0
569,2022-04-13,116.36,116.99,115.6,116.11,645792.0
570,2022-04-14,116.2,116.8,115.61,116.05,1093663.0
571,2022-04-15,116.3,116.44,115.65,116.25,191033.0
572,2022-04-18,116.89,116.89,115.0,115.55,1195300.0
573,2022-04-19,115.1,116.32,114.5,114.95,687019.0
574,2022-04-20,115.07,115.9,110.0,111.06,982556.0
575,2022-04-21,111.5,112.87,110.71,111.32,768991.0
576,2022-04-22,112.0,112.0,110.57,111.31,430165.0
577,2022-04-25,111.52,113.0,111.52,112.31,430122.0
578,2022-04-26,113.49,113.49,111.5,111.79,913201.0
579,2022-04-27,111.45,111.5,109.0,109.73,633532.0
580,2022-04-28,111.5,111.5,108.0,108.85,1643917.0
581,2022-05-06,109.97,109.97,106.16,107.03,314657.0
582,2022-05-09,108.0,108.0,102.5,102.92,1731876.0
583,2022-05-10,101.51,105.97,101.51,102.16,288350.0
584,2022-05-11,103.99,103.99,100.5,102.27,1093343.0
585,2022-05-12,103.91,103.91,101.11,102.0,508998.0
586,2022-05-13,102.0,103.48,101.0,102.77,321289.0
587,2022-05-16,102.5,102.5,99.75,100.94,10735709.0
588,2022-05-17,101.8,102.35,100.15,101.71,1015919.0
589,2022-05-18,101.99,103.2,101.31,102.17,478743.0
590,2022-05-19,102.98,102.98,101.0,101.43,573923.0
591,2022-05-20,101.01,102.3,101.0,102.09,1150428.0
592,2022-05-23,102.1,103.24,100.2,102.06,579563.0
593,2022-05-24,101.0,103.29,101.0,102.33,533064.0
594,2022-05-25,102.45,102.9,101.02,102.61,2212379.0
595,2022-05-26,102.62,103.97,102.6,103.41,284727.0
596,2022-05-27,104.0,106.44,103.04,103.71,865427.0
597,2022-05-30,104.0,105.38,102.21,103.44,84055.0
598,2022-05-31,104.88,104.88,102.17,103.4,1211963.0
599,2022-06-01,103.0,103.8,101.7,102.02,597954.0
600,2022-06-02,102.99,103.0,99.3,99.64,1278137.0
601,2022-06-03,99.85,99.96,96.0,96.72,3428620.0
602,2022-06-06,96.1,99.0,96.1,98.19,338817.0
603,2022-06-07,99.49,99.9,96.15,97.08,263677.0
604,2022-06-08,98.33,98.33,95.75,95.89,282448.0
605,2022-06-09,95.89,96.89,95.05,95.35,159495.0
606,2022-06-10,96.58,96.58,95.0,95.23,328567.0
607,2022-06-13,95.99,95.99,89.0,90.44,1666847.0
608,2022-06-14,91.0,93.85,90.01,93.48,496900.0
609,2022-06-15,94.68,95.99,93.0,95.28,373084.0
610,2022-06-16,94.01,96.0,94.01,94.98,301742.0
611,2022-06-17,96.49,97.0,94.0,95.73,660783.0
612,2022-06-20,96.48,96.75,94.11,95.4,85696.0
613,2022-06-21,96.43,97.1,94.22,96.96,4839780.0
614,2022-06-22,96.15,99.39,96.15,96.73,3538321.0
615,2022-06-23,95.05,97.7,95.0,95.31,623293.0
616,2022-06-24,96.48,96.48,90.0,92.87,1533544.0
617,2022-06-27,93.0,97.49,91.1,95.24,992359.0
618,2022-06-28,93.61,96.44,93.61,94.97,573062.0
619,2022-06-29,94.99,95.13,88.3,90.08,3443169.0
620,2022-06-30,89.9,92.5,89.27,91.34,2566730.0
621,2022-07-01,91.49,91.98,89.72,91.14,652624.0
622,2022-07-04,91.25,92.59,90.0,92.12,204822.0
623,2022-07-05,92.0,92.55,90.5,90.67,96954.0
624,2022-07-06,91.9,91.98,90.11,91.7,121903.0
625,2022-07-07,91.6,91.97,91.12,91.82,45485.0
626,2022-07-13,89.05,93.97,89.05,93.06,92146.0
627,2022-07-14,94.0,94.3,92.41,93.79,488639.0
628,2022-07-15,94.98,94.98,92.52,92.86,119617.0
629,2022-07-18,90.27,92.85,90.27,90.93,212336.0
630,2022-07-19,91.0,91.94,87.8,88.58,536224.0
631,2022-07-20,89.25,90.0,87.48,88.33,147724.0
632,2022-07-21,89.8,89.8,86.0,86.53,477633.0
633,2022-07-22,88.95,88.95,83.9,84.64,353168.0
634,2022-07-25,85.45,85.45,83.5,83.57,94226.0
635,2022-07-26,83.6,84.48,81.1,83.92,311482.0
636,2022-07-27,86.99,86.99,82.99,84.44,1366469.0
637,2022-07-28,84.62,86.9,84.05,86.45,2531280.0
638,2022-07-29,86.9,86.9,85.0,86.25,628902.0
639,2022-08-01,88.95,88.95,83.36,85.97,734281.0
640,2022-08-02,86.0,86.0,84.9,85.05,710610.0
641,2022-08-03,85.6,87.95,84.21,86.51,1646552.0
642,2022-08-04,86.9,87.49,85.01,86.51,438995.0
643,2022-08-05,88.39,89.95,86.0,88.68,1594932.0
644,2022-08-10,89.0,92.89,89.0,91.29,1378718.0
645,2022-08-11,92.88,92.88,87.8,88.09,505366.0
646,2022-08-12,88.98,91.17,86.4,90.93,580206.0
647,2022-08-15,91.0,97.74,91.0,95.35,1772521.0
648,2022-08-16,95.5,99.8,94.0,96.95,1572294.0
649,2022-08-17,96.0,101.4,95.8,96.41,1225443.0
650,2022-08-18,97.89,98.49,96.5,96.61,292307.0
651,2022-08-19,97.99,97.99,94.1,96.37,506768.0
652,2022-08-22,97.49,98.5,94.45,94.73,811424.0
653,2022-08-23,93.01,98.0,93.01,94.57,1247637.0
654,2022-08-24,95.45,96.0,93.66,94.01,1771932.0
655,2022-08-25,94.25,95.68,94.25,95.29,725249.0
656,2022-08-26,95.06,96.2,93.39,93.78,504502.0
657,2022-08-29,94.5,94.5,90.03,92.44,411039.0
658,2022-08-30,93.11,94.87,90.41,90.9,664612.0
659,2022-08-31,91.99,91.99,89.27,90.66,680614.0
660,2022-09-01,91.18,91.18,89.75,90.25,258339.0
661,2022-09-02,90.95,90.95,88.06,89.87,170854.0
662,2022-09-05,91.0,91.0,88.0,88.5,274439.0
663,2022-09-06,89.35,89.35,87.8,88.45,118957.0
664,2022-09-07,89.0,89.0,87.1,87.98,298849.0
665,2022-09-08,88.74,88.74,87.15,87.55,142679.0
666,2022-09-09,88.18,88.18,87.1,87.53,77062.0
667,2022-09-12,87.5,89.0,87.02,87.14,312556.0
668,2022-09-13,87.53,88.75,86.81,87.99,409207.0
669,2022-09-14,88.49,88.49,86.52,86.76,193026.0
670,2022-09-15,87.49,87.6,83.3,84.56,422866.0
671,2022-09-16,84.0,86.0,82.7,83.15,1606236.0
672,2022-09-19,83.4,84.78,81.5,81.89,715849.0
673,2022-09-20,82.4,83.3,81.51,82.04,619915.0
674,2022-09-21,82.04,83.0,81.38,81.91,257611.0
675,2022-09-22,82.7,82.7,80.11,81.81,604518.0
676,2022-09-23,82.7,82.7,80.5,80.94,4937798.0
677,2022-09-26,80.61,82.49,80.61,81.05,522497.0
678,2022-09-27,81.79,81.79,80.62,81.06,937046.0
679,2022-09-28,81.7,84.1,81.15,81.47,1037680.0
680,2022-09-29,80.01,80.01,75.36,75.36,1825607.0
681,2022-09-30,69.71,69.71,69.71,69.71,697317.0
682,2022-10-03,67.26,70.95,67.05,68.19,13165202.0
683,2022-10-04,68.5,70.6,68.39,69.37,3411030.0
684,2022-10-05,69.03,70.59,69.03,69.61,940289.0
685,2022-10-06,69.98,71.39,69.5,71.13,2492074.0
686,2022-10-07,71.0,72.0,70.1,71.58,2131520.0
687,2022-10-10,72.49,72.49,70.7,71.52,1457962.0
688,2022-10-11,71.75,72.9,71.4,71.52,1303660.0
689,2022-10-12,71.5,72.0,70.01,71.64,883409.0
690,2022-10-13,71.99,71.99,71.35,71.53,1179978.0
691,2022-10-14,72.0,72.5,70.61,71.55,2259053.0
692,2022-10-17,71.9,71.9,71.4,71.51,1290144.0
693,2022-10-18,71.94,71.94,71.3,71.55,1366844.0
694,2022-10-19,71.5,71.8,71.4,71.53,1289881.0
695,2022-10-20,71.74,71.74,71.37,71.49,3777764.0
696,2022-10-21,71.49,71.89,70.5,71.49,3101946.0
697,2022-10-24,71.85,71.85,70.8,71.5,1516345.0
698,2022-10-25,71.51,71.68,70.8,71.09,524964.0
699,2022-10-26,71.0,71.1,69.52,69.85,646270.0
700,2022-10-27,70.99,70.99,69.46,69.78,399202.0
701,2022-10-28,70.88,70.88,69.13,69.55,356998.0
702,2022-10-31,69.5,70.48,69.35,69.73,491769.0
703,2022-11-01,70.49,70.5,69.7,69.97,992103.0
704,2022-11-02,69.85,70.49,69.08,69.29,517560.0
705,2022-11-03,69.48,70.0,68.7,69.11,1513917.0
706,2022-11-04,68.01,68.4,67.3,67.42,257254.0
707,2022-11-07,67.51,68.67,67.51,67.65,302170.0
708,2022-11-08,68.0,68.25,67.51,67.6,369854.0
709,2022-11-10,68.0,71.25,67.5,69.62,3760847.0
710,2022-11-11,69.99,70.29,69.26,69.49,541124.0
711,2022-11-14,69.49,70.29,69.1,69.92,575232.0
712,2022-11-15,70.0,70.0,69.6,69.76,497806.0
713,2022-11-16,69.2,69.9,68.75,69.16,352781.0
714,2022-11-17,69.16,69.9,68.36,68.48,329673.0
715,2022-11-18,69.4,69.4,67.85,68.29,637019.0
716,2022-11-21,67.52,68.49,67.5,68.13,265275.0
717,2022-11-22,68.9,68.92,68.0,68.27,100657.0
718,2022-11-23,68.73,68.95,68.11,68.37,132930.0
719,2022-11-24,68.1,68.67,67.51,67.68,1192088.0
720,2022-11-25,68.48,68.48,67.76,68.0,1248248.0
721,2022-11-28,69.0,69.0,66.5,66.94,712640.0
722,2022-11-29,67.87,68.5,66.52,68.2,778638.0
723,2022-11-30,68.49,68.75,66.5,66.59,807766.0
724,2022-12-01,66.98,70.1,66.98,67.92,5477595.0
725,2022-12-02,68.45,68.9,67.51,68.6,1432799.0
726,2022-12-05,69.45,69.45,67.6,67.78,876686.0
727,2022-12-06,68.0,68.29,67.15,67.93,311749.0
728,2022-12-07,68.0,68.25,67.3,67.5,1709572.0
729,2022-12-08,68.34,68.34,66.75,66.9,665889.0
730,2022-12-09,67.65,67.75,65.5,65.77,1549529.0
731,2022-12-12,66.29,66.35,65.2,65.57,5508129.0
732,2022-12-13,65.5,66.8,65.1,65.97,3577369.0
733,2022-12-14,65.55,66.45,65.55,65.85,738520.0
734,2022-12-15,66.0,66.0,62.11,64.34,2313381.0
735,2022-12-16,64.89,65.35,63.2,64.49,470757.0
736,2022-12-19,65.0,66.0,64.02,64.77,705108.0
737,2022-12-20,64.1,65.0,62.35,62.96,663578.0
738,2022-12-21,64.49,64.49,62.01,62.6,503372.0
739,2022-12-22,63.0,63.82,62.5,62.94,508933.0
740,2022-12-23,62.95,63.45,61.45,62.05,313705.0
741,2022-12-26,63.43,63.43,62.22,62.68,413864.0
742,2022-12-27,63.4,63.4,61.94,62.63,232433.0
743,2022-12-28,62.89,62.89,61.7,61.95,256561.0
744,2022-12-29,62.75,62.75,59.25,59.92,3057746.0
745,2022-12-30,60.34,64.0,59.6,63.73,3213843.0
746,2023-01-02,63.4,64.85,62.75,64.51,958977.0
747,2023-01-03,64.22,65.55,62.8,63.61,1449704.0
748,2023-01-04,62.1,64.0,62.1,63.78,109780.0
749,2023-01-05,64.7,64.8,63.0,64.55,199038.0
750,2023-01-06,64.97,64.97,63.51,64.04,145546.0
751,2023-01-09,63.75,63.75,61.8,61.99,280281.0
752,2023-01-10,62.2,63.77,62.2,62.49,289175.0
753,2023-01-11,62.5,63.5,62.3,63.2,288783.0
754,2023-01-12,63.94,63.96,62.8,62.9,277856.0
755,2023-01-13,62.3,62.95,61.74,62.37,133141.0
756,2023-01-16,63.15,63.15,60.99,61.77,134620.0
757,2023-01-17,62.98,62.98,60.9,61.4,426538.0
758,2023-01-18,61.3,62.4,61.0,61.99,461778.0
759,2023-01-19,61.97,62.5,60.05,62.19,729812.0
760,2023-01-20,62.5,63.8,61.0,61.7,1032972.0
761,2023-01-23,62.0,62.0,60.52,61.72,239903.0
762,2023-01-24,60.7,63.59,60.7,63.26,466645.0
763,2023-01-25,64.4,68.0,63.5,68.0,4073727.0
764,2023-01-26,70.5,73.1,70.5,73.1,8725035.0
765,2023-01-27,77.5,78.45,75.15,76.36,8556359.0
766,2023-01-30,75.95,76.5,72.25,73.06,1799948.0
767,2023-01-31,73.65,73.94,72.0,72.28,1474564.0
768,2023-02-01,71.81,74.5,71.81,72.41,6169725.0
769,2023-02-02,72.99,73.15,71.56,72.98,1219556.0
770,2023-02-03,73.0,74.1,72.06,73.27,1100144.0
771,2023-02-06,73.65,74.75,72.99,73.82,2747178.0
772,2023-02-07,73.55,75.0,73.5,74.21,4774538.0
773,2023-02-08,75.0,76.95,74.5,75.13,8611564.0
774,2023-02-09,75.74,79.74,75.74,78.55,6601780.0
775,2023-02-10,77.6,81.89,77.1,78.57,6746833.0
776,2023-02-13,78.98,80.0,77.9,78.85,2463261.0
777,2023-02-14,79.49,79.49,76.01,76.26,662428.0
778,2023-02-15,77.3,79.5,75.25,78.51,2352267.0
779,2023-02-16,79.4,79.4,76.5,76.79,1180501.0
780,2023-02-17,76.8,77.89,75.5,76.94,1178941.0
781,2023-02-20,77.0,77.0,74.32,74.93,399563.0
782,2023-02-21,75.89,75.99,74.03,74.48,373135.0
783,2023-02-22,74.5,76.5,73.4,75.42,735903.0
784,2023-02-23,75.39,75.45,73.0,73.38,634632.0
785,2023-02-24,73.5,74.8,69.31,69.56,1747078.0
786,2023-02-27,69.99,70.59,69.0,70.14,6188576.0
787,2023-02-28,70.5,70.73,69.24,69.37,2530013.0
788,2023-03-01,69.98,70.74,68.1,70.02,2117777.0
789,2023-03-02,70.75,72.5,69.5,71.53,2228981.0
790,2023-03-03,71.34,72.49,69.26,71.59,2962095.0
791,2023-03-06,72.34,72.34,70.03,71.67,1149366.0
792,2023-03-07,72.0,73.95,71.0,73.51,2982777.0
793,2023-03-08,74.7,75.3,73.7,74.74,3751825.0
794,2023-03-09,74.9,75.5,73.55,74.8,2483866.0
795,2023-03-10,74.9,75.99,74.7,75.27,1314955.0
796,2023-03-13,75.99,76.49,75.11,75.52,953150.0
797,2023-03-14,75.79,76.15,74.63,75.14,1293717.0
798,2023-03-15,73.55,76.97,73.55,75.65,4823752.0
799,2023-03-16,75.0,77.5,75.0,77.27,3058688.0
800,2023-03-17,77.51,79.4,74.5,75.61,9176555.0
